{
  "model": "/gemini/code/checkpoints/models--meta-llama--Llama-3.1-8B/snapshots/d04e592bb4f6aa9cfee91e2e20afa771667e1d4b",
  "quant_type": "NVFP4",
  "sparse_method": "teal",
  "sparsity": 0.5,
  "tasks": [
    "arc_challenge",
    "arc_easy"
  ],
  "metrics": {
    "arc_challenge": {
      "arc_challenge": {
        "acc,none": 0.43856655290102387,
        "acc_stderr,none": 0.014500682618212867,
        "acc_norm,none": 0.47696245733788395,
        "acc_norm_stderr,none": 0.014595873205358269
      }
    },
    "arc_easy": {
      "arc_easy": {
        "acc,none": 0.757996632996633,
        "acc_stderr,none": 0.008788455043255566,
        "acc_norm,none": 0.7323232323232324,
        "acc_norm_stderr,none": 0.00908500014709935
      }
    }
  },
  "sparse_zero_ratio": {
    "layer_0": {
      "q": 0.2465755265501723,
      "k": 0.2465755265501723,
      "v": 0.2465755265501723,
      "o": 0.09808984674056753,
      "gate": 0.2288078974950317,
      "up": 0.2288078974950317,
      "down": 0.23651011131441443
    },
    "layer_1": {
      "q": 0.24813352874092245,
      "k": 0.24813352874092245,
      "v": 0.24813352874092245,
      "o": 0.20787656579910446,
      "gate": 0.2361996076228894,
      "up": 0.2361996076228894,
      "down": 0.2464305141893897
    },
    "layer_2": {
      "q": 0.24269911273998312,
      "k": 0.24269911273998312,
      "v": 0.24269911273998312,
      "o": 0.21025281678280297,
      "gate": 0.2361831261053896,
      "up": 0.2361831261053896,
      "down": 0.2362871208903471
    },
    "layer_3": {
      "q": 0.23794546291606636,
      "k": 0.23794546291606636,
      "v": 0.23794546291606636,
      "o": 0.24641292090471165,
      "gate": 0.2343074806125041,
      "up": 0.2343074806125041,
      "down": 0.24007748639871668
    },
    "layer_4": {
      "q": 0.23551536932802242,
      "k": 0.23551536932802242,
      "v": 0.23551536932802242,
      "o": 0.2722019894720302,
      "gate": 0.2310470806209087,
      "up": 0.2310470806209087,
      "down": 0.24106313079305802
    },
    "layer_5": {
      "q": 0.23096155480657113,
      "k": 0.23096155480657113,
      "v": 0.23096155480657113,
      "o": 0.27459517820714324,
      "gate": 0.22807274629624677,
      "up": 0.22807274629624677,
      "down": 0.2382664550628582
    },
    "layer_6": {
      "q": 0.23078047465012255,
      "k": 0.23078047465012255,
      "v": 0.23078047465012255,
      "o": 0.273824488163937,
      "gate": 0.22589296838113462,
      "up": 0.22589296838113462,
      "down": 0.24096500825953138
    },
    "layer_7": {
      "q": 0.22886413923261933,
      "k": 0.22886413923261933,
      "v": 0.22886413923261933,
      "o": 0.2740371556512315,
      "gate": 0.22467644677193144,
      "up": 0.22467644677193144,
      "down": 0.2452136867057033
    },
    "layer_8": {
      "q": 0.22810656631844625,
      "k": 0.22810656631844625,
      "v": 0.22810656631844625,
      "o": 0.26244951984499243,
      "gate": 0.22441282652084923,
      "up": 0.22441282652084923,
      "down": 0.2454788907325373
    },
    "layer_9": {
      "q": 0.22953123293566657,
      "k": 0.22953123293566657,
      "v": 0.22953123293566657,
      "o": 0.26040543192896054,
      "gate": 0.22475855971958233,
      "up": 0.22475855971958233,
      "down": 0.24704856316982804
    },
    "layer_10": {
      "q": 0.22636468139148574,
      "k": 0.22636468139148574,
      "v": 0.22636468139148574,
      "o": 0.28872617319188393,
      "gate": 0.22358065909229743,
      "up": 0.22358065909229743,
      "down": 0.24605111163568683
    },
    "layer_11": {
      "q": 0.2260111001075846,
      "k": 0.2260111001075846,
      "v": 0.2260111001075846,
      "o": 0.27960430932765423,
      "gate": 0.22426985994094983,
      "up": 0.22426985994094983,
      "down": 0.24650091102856495
    },
    "layer_12": {
      "q": 0.2217706784256701,
      "k": 0.2217706784256701,
      "v": 0.2217706784256701,
      "o": 0.254383711988594,
      "gate": 0.22001541350999482,
      "up": 0.22001541350999482,
      "down": 0.2469217923167792
    },
    "layer_13": {
      "q": 0.22125525691353712,
      "k": 0.22125525691353712,
      "v": 0.22125525691353712,
      "o": 0.27343700229027484,
      "gate": 0.22192839531196912,
      "up": 0.22192839531196912,
      "down": 0.24847157175497545
    },
    "layer_14": {
      "q": 0.2218553612576269,
      "k": 0.2218553612576269,
      "v": 0.2218553612576269,
      "o": 0.2702779131600898,
      "gate": 0.2218255950919116,
      "up": 0.2218255950919116,
      "down": 0.24612207820937118
    },
    "layer_15": {
      "q": 0.21715011747500818,
      "k": 0.21715011747500818,
      "v": 0.21715011747500818,
      "o": 0.2652327110120315,
      "gate": 0.22242346728329468,
      "up": 0.22242346728329468,
      "down": 0.24057368837426515
    },
    "layer_16": {
      "q": 0.2190465972909009,
      "k": 0.2190465972909009,
      "v": 0.2190465972909009,
      "o": 0.2602057889234343,
      "gate": 0.2189392331157556,
      "up": 0.2189392331157556,
      "down": 0.2360869506264664
    },
    "layer_17": {
      "q": 0.21532059469925957,
      "k": 0.21532059469925957,
      "v": 0.21532059469925957,
      "o": 0.2549131824888775,
      "gate": 0.21805637147392268,
      "up": 0.21805637147392268,
      "down": 0.23059997038414753
    },
    "layer_18": {
      "q": 0.21651380636435516,
      "k": 0.21651380636435516,
      "v": 0.21651380636435516,
      "o": 0.23631709027983852,
      "gate": 0.2166192561884581,
      "up": 0.2166192561884581,
      "down": 0.22908883393544247
    },
    "layer_19": {
      "q": 0.21623145035854405,
      "k": 0.21623145035854405,
      "v": 0.21623145035854405,
      "o": 0.26259712094272203,
      "gate": 0.21756873175236707,
      "up": 0.21756873175236707,
      "down": 0.22791647467649964
    },
    "layer_20": {
      "q": 0.21847242125344457,
      "k": 0.21847242125344457,
      "v": 0.21847242125344457,
      "o": 0.25919645137619884,
      "gate": 0.2204677303845315,
      "up": 0.2204677303845315,
      "down": 0.23046278025348232
    },
    "layer_21": {
      "q": 0.22091883368762796,
      "k": 0.22091883368762796,
      "v": 0.22091883368762796,
      "o": 0.23607577539641653,
      "gate": 0.2200673563067639,
      "up": 0.2200673563067639,
      "down": 0.22601920720495655
    },
    "layer_22": {
      "q": 0.21779882769839165,
      "k": 0.21779882769839165,
      "v": 0.21779882769839165,
      "o": 0.25746365827007234,
      "gate": 0.22121259230942553,
      "up": 0.22121259230942553,
      "down": 0.2246550385591391
    },
    "layer_23": {
      "q": 0.21981432639216003,
      "k": 0.21981432639216003,
      "v": 0.21981432639216003,
      "o": 0.20836036119781554,
      "gate": 0.22131180729579197,
      "up": 0.22131180729579197,
      "down": 0.22469553203154155
    },
    "layer_24": {
      "q": 0.22067276686135404,
      "k": 0.22067276686135404,
      "v": 0.22067276686135404,
      "o": 0.17836711434313418,
      "gate": 0.22042999493809817,
      "up": 0.22042999493809817,
      "down": 0.22564884760911993
    },
    "layer_25": {
      "q": 0.22121825348822555,
      "k": 0.22121825348822555,
      "v": 0.22121825348822555,
      "o": 0.20174718273456943,
      "gate": 0.22004364022290226,
      "up": 0.22004364022290226,
      "down": 0.22862910620311225
    },
    "layer_26": {
      "q": 0.22003212987753806,
      "k": 0.22003212987753806,
      "v": 0.22003212987753806,
      "o": 0.22333753597127015,
      "gate": 0.21894732520796423,
      "up": 0.21894732520796423,
      "down": 0.23104559341684905
    },
    "layer_27": {
      "q": 0.22509932982588313,
      "k": 0.22509932982588313,
      "v": 0.22509932982588313,
      "o": 0.2158996939692784,
      "gate": 0.22339880112974161,
      "up": 0.22339880112974161,
      "down": 0.2359291321667541
    },
    "layer_28": {
      "q": 0.22742588847951342,
      "k": 0.22742588847951342,
      "v": 0.22742588847951342,