{
  "model": "/gemini/code/checkpoints/models--meta-llama--Llama-3.1-8B/snapshots/d04e592bb4f6aa9cfee91e2e20afa771667e1d4b",
  "quant_type": "NVFP4",
  "sparse_method": "teal",
  "sparsity": 0.5,
  "tasks": [
    "rte",
    "winogrande"
  ],
  "metrics": {
    "rte": {
      "rte": {
        "acc,none": 0.6028880866425993,
        "acc_stderr,none": 0.02945237137834682
      }
    },
    "winogrande": {
      "winogrande": {
        "acc,none": 0.6629834254143646,
        "acc_stderr,none": 0.01328495576939525
      }
    }
  },
  "sparse_zero_ratio": {
    "layer_0": {
      "q": 0.24511828503270947,
      "k": 0.24511828503270947,
      "v": 0.24511828503270947,
      "o": 0.11021049484732297,
      "gate": 0.2374733862454795,
      "up": 0.2374733862454795,
      "down": 0.2501922573273149
    },
    "layer_1": {
      "q": 0.2549416011841468,
      "k": 0.2549416011841468,
      "v": 0.2549416011841468,
      "o": 0.22119175838578733,
      "gate": 0.24317363699494784,
      "up": 0.24317363699494784,
      "down": 0.25232169623868983
    },
    "layer_2": {
      "q": 0.24789176561151088,
      "k": 0.24789176561151088,
      "v": 0.24789176561151088,
      "o": 0.2239014715430691,
      "gate": 0.24154712179320992,
      "up": 0.24154712179320992,
      "down": 0.24472055702426573
    },
    "layer_3": {
      "q": 0.24309278970257492,
      "k": 0.24309278970257492,
      "v": 0.24309278970257492,
      "o": 0.24666377044834525,
      "gate": 0.23746513290231777,
      "up": 0.23746513290231777,
      "down": 0.24480013897782407
    },
    "layer_4": {
      "q": 0.23967476954589062,
      "k": 0.23967476954589062,
      "v": 0.23967476954589062,
      "o": 0.27395623456976964,
      "gate": 0.23504864861285849,
      "up": 0.23504864861285849,
      "down": 0.24517697641134673
    },
    "layer_5": {
      "q": 0.23599490687247326,
      "k": 0.23599490687247326,
      "v": 0.23599490687247326,
      "o": 0.2728831277463507,
      "gate": 0.23278683932540611,
      "up": 0.23278683932540611,
      "down": 0.24372455471941326
    },
    "layer_6": {
      "q": 0.23523463028559416,
      "k": 0.23523463028559416,
      "v": 0.23523463028559416,
      "o": 0.2714524334567203,
      "gate": 0.23019718390893465,
      "up": 0.23019718390893465,
      "down": 0.240493847301397
    },
    "layer_7": {
      "q": 0.231488118846003,
      "k": 0.231488118846003,
      "v": 0.231488118846003,
      "o": 0.26806469183707915,
      "gate": 0.22759819817926571,
      "up": 0.22759819817926571,
      "down": 0.24422913702899962
    },
    "layer_8": {
      "q": 0.23038266179616435,
      "k": 0.23038266179616435,
      "v": 0.23038266179616435,
      "o": 0.26179054457527057,
      "gate": 0.22701631820885623,
      "up": 0.22701631820885623,
      "down": 0.2456278122981333
    },
    "layer_9": {
      "q": 0.23021461848590946,
      "k": 0.23021461848590946,
      "v": 0.23021461848590946,
      "o": 0.25902063933136105,
      "gate": 0.22698975380475264,
      "up": 0.22698975380475264,
      "down": 0.24504500664021608
    },
    "layer_10": {
      "q": 0.22897506195944844,
      "k": 0.22897506195944844,
      "v": 0.22897506195944844,
      "o": 0.283798763969458,
      "gate": 0.2267494481184002,
      "up": 0.2267494481184002,
      "down": 0.24626086358365054
    },
    "layer_11": {
      "q": 0.2277825322677701,
      "k": 0.2277825322677701,
      "v": 0.2277825322677701,
      "o": 0.2809259296919415,
      "gate": 0.22774464811178724,
      "up": 0.22774464811178724,
      "down": 0.24696220644609507
    },
    "layer_12": {
      "q": 0.2251087112574552,
      "k": 0.2251087112574552,
      "v": 0.2251087112574552,
      "o": 0.24959126545326055,
      "gate": 0.22288961321363993,
      "up": 0.22288961321363993,
      "down": 0.24338813468983686
    },
    "layer_13": {
      "q": 0.22307704969554082,
      "k": 0.22307704969554082,
      "v": 0.22307704969554082,
      "o": 0.2692625241282413,
      "gate": 0.22460640883431685,
      "up": 0.22460640883431685,
      "down": 0.24490730943007508
    },
    "layer_14": {
      "q": 0.22463211217645868,
      "k": 0.22463211217645868,
      "v": 0.22463211217645868,
      "o": 0.2654522092824515,
      "gate": 0.22474799826483935,
      "up": 0.22474799826483935,
      "down": 0.24452769897312593
    },
    "layer_15": {
      "q": 0.221317064749063,
      "k": 0.221317064749063,
      "v": 0.221317064749063,
      "o": 0.26502939187455254,
      "gate": 0.22726702603777346,
      "up": 0.22726702603777346,
      "down": 0.24002044608335352
    },
    "layer_16": {
      "q": 0.22476193461694866,
      "k": 0.22476193461694866,
      "v": 0.22476193461694866,
      "o": 0.261313248933702,
      "gate": 0.22438760913433448,
      "up": 0.22438760913433448,
      "down": 0.23600215448057604
    },
    "layer_17": {
      "q": 0.22244828425873042,
      "k": 0.22244828425873042,
      "v": 0.22244828425873042,
      "o": 0.2575531635591258,
      "gate": 0.22452940419159412,
      "up": 0.22452940419159412,
      "down": 0.23044888351966797
    },
    "layer_18": {
      "q": 0.2236589219549477,
      "k": 0.2236589219549477,
      "v": 0.2236589219549477,
      "o": 0.23382067144203234,
      "gate": 0.22321572179673024,
      "up": 0.22321572179673024,
      "down": 0.22949081420714842
    },
    "layer_19": {
      "q": 0.22504627526905846,
      "k": 0.22504627526905846,
      "v": 0.22504627526905846,
      "o": 0.25714596350191216,
      "gate": 0.22557274654481282,
      "up": 0.22557274654481282,
      "down": 0.22772880604045342
    },
    "layer_20": {
      "q": 0.22796378452555166,
      "k": 0.22796378452555166,
      "v": 0.22796378452555166,
      "o": 0.2646368427223598,
      "gate": 0.2290484501419318,
      "up": 0.2290484501419318,
      "down": 0.23065281824250852
    },
    "layer_21": {
      "q": 0.23029633198091257,
      "k": 0.23029633198091257,
      "v": 0.23029633198091257,
      "o": 0.24191678468955954,
      "gate": 0.22906951660115124,
      "up": 0.22906951660115124,
      "down": 0.22480136941884385
    },
    "layer_22": {
      "q": 0.22834396008883734,
      "k": 0.22834396008883734,
      "v": 0.22834396008883734,
      "o": 0.2702405722814171,
      "gate": 0.2310163648450002,
      "up": 0.2310163648450002,
      "down": 0.22384860233861756
    },
    "layer_23": {
      "q": 0.23242062838790611,
      "k": 0.23242062838790611,
      "v": 0.23242062838790611,
      "o": 0.2147374461175698,
      "gate": 0.23288262025956347,
      "up": 0.23288262025956347,
      "down": 0.2256969362814677
    },
    "layer_24": {
      "q": 0.2334741158502682,
      "k": 0.2334741158502682,
      "v": 0.2334741158502682,
      "o": 0.18690859951166117,
      "gate": 0.23286328620560437,
      "up": 0.23286328620560437,
      "down": 0.2260555713424667
    },
    "layer_25": {
      "q": 0.2356746817843992,
      "k": 0.2356746817843992,
      "v": 0.2356746817843992,
      "o": 0.21346434158894526,
      "gate": 0.23401840725312947,
      "up": 0.23401840725312947,
      "down": 0.23089158025957005
    },
    "layer_26": {
      "q": 0.23489889580087173,
      "k": 0.23489889580087173,
      "v": 0.23489889580087173,
      "o": 0.24583450352082326,
      "gate": 0.23437182563724548,
      "up": 0.23437182563724548,
      "down": 0.23556062834431327
    },
    "layer_27": {
      "q": 0.2408696433823723,
      "k": 0.2408696433823723,
      "v": 0.2408696433823723,
      "o": 0.2302841588780742,
      "gate": 0.23825976714663785,
      "up": 0.23825976714663785,
      "down": 0.23917926602393938
    },
    "layer_28": {
      "q": 0.2432492896418739,
      "k": 0.2432492896418739,
      "v": 0.2432492896418739,
      "o": 0.255379506453883,
      "gate": 0.23984003432485998,
      "up": 0.23984003432485998,
      "down": 0.24083861063583265
    },
    "layer_29": {
      "q": 0.2440311467548153,
      "k": 0.2440311467548153,
      "v": 0.2440311467548153,