{
  "model": "/gemini/code/checkpoints/models--meta-llama--Llama-3.1-8B/snapshots/d04e592bb4f6aa9cfee91e2e20afa771667e1d4b",
  "quant_type": "NVFP4",
  "sparse_method": "teal",
  "sparsity": 0.5,
  "tasks": [
    "boolq",
    "openbookqa",
    "piqa"
  ],
  "metrics": {
    "boolq": {
      "boolq": {
        "acc,none": 0.7581039755351682,
        "acc_stderr,none": 0.007489818475316362
      }
    },
    "openbookqa": {
      "openbookqa": {
        "acc,none": 0.308,
        "acc_stderr,none": 0.0206670329874661,
        "acc_norm,none": 0.42,
        "acc_norm_stderr,none": 0.022094713229761784
      }
    },
    "piqa": {
      "piqa": {
        "acc,none": 0.7676822633297062,
        "acc_stderr,none": 0.009853201384168241,
        "acc_norm,none": 0.780739934711643,
        "acc_norm_stderr,none": 0.009653357463605336
      }
    }
  },
  "sparse_zero_ratio": {
    "layer_0": {
      "q": 0.2526196772999297,
      "k": 0.2526196772999297,
      "v": 0.2526196772999297,
      "o": 0.14915424387051304,
      "gate": 0.24743770448444308,
      "up": 0.24743770448444308,
      "down": 0.2558234738724665
    },
    "layer_1": {
      "q": 0.25256581840986714,
      "k": 0.25256581840986714,
      "v": 0.25256581840986714,
      "o": 0.250610663358893,
      "gate": 0.2452164514585873,
      "up": 0.2452164514585873,
      "down": 0.2547502787221937
    },
    "layer_2": {
      "q": 0.24845169334974307,
      "k": 0.24845169334974307,
      "v": 0.24845169334974307,
      "o": 0.22776199872066474,
      "gate": 0.24398982487700482,
      "up": 0.24398982487700482,
      "down": 0.2484428310305809
    },
    "layer_3": {
      "q": 0.24314399460026598,
      "k": 0.24314399460026598,
      "v": 0.24314399460026598,
      "o": 0.26180392170646255,
      "gate": 0.23986864278019426,
      "up": 0.23986864278019426,
      "down": 0.2512664499097736
    },
    "layer_4": {
      "q": 0.24035746213767764,
      "k": 0.24035746213767764,
      "v": 0.24035746213767764,
      "o": 0.2806439847919523,
      "gate": 0.23695777779404698,
      "up": 0.23695777779404698,
      "down": 0.25329076064226763
    },
    "layer_5": {
      "q": 0.23572622590926992,
      "k": 0.23572622590926992,
      "v": 0.23572622590926992,
      "o": 0.2765310922949142,
      "gate": 0.23538427727536176,
      "up": 0.23538427727536176,
      "down": 0.25059350472325603
    },
    "layer_6": {
      "q": 0.23603687544941873,
      "k": 0.23603687544941873,
      "v": 0.23603687544941873,
      "o": 0.27663692062489176,
      "gate": 0.23360073216955837,
      "up": 0.23360073216955837,
      "down": 0.25012301309326523
    },
    "layer_7": {
      "q": 0.23336223717390758,
      "k": 0.23336223717390758,
      "v": 0.23336223717390758,
      "o": 0.2738920797942778,
      "gate": 0.2315922527366239,
      "up": 0.2315922527366239,
      "down": 0.2517096812409024
    },
    "layer_8": {
      "q": 0.23174166844764046,
      "k": 0.23174166844764046,
      "v": 0.23174166844764046,
      "o": 0.26189098376291803,
      "gate": 0.23141018636422248,
      "up": 0.23141018636422248,
      "down": 0.2533758887062337
    },
    "layer_9": {
      "q": 0.23119721952952518,
      "k": 0.23119721952952518,
      "v": 0.23119721952952518,
      "o": 0.26232507295513685,
      "gate": 0.23104972251362813,
      "up": 0.23104972251362813,
      "down": 0.2527612683419528
    },
    "layer_10": {
      "q": 0.2301636983974,
      "k": 0.2301636983974,
      "v": 0.2301636983974,
      "o": 0.2806847435093223,
      "gate": 0.2306244448314499,
      "up": 0.2306244448314499,
      "down": 0.25415184111133277
    },
    "layer_11": {
      "q": 0.22971397776768798,
      "k": 0.22971397776768798,
      "v": 0.22971397776768798,
      "o": 0.277730326686025,
      "gate": 0.23108347751014507,
      "up": 0.23108347751014507,
      "down": 0.25366956330773405
    },
    "layer_12": {
      "q": 0.2269803114408461,
      "k": 0.2269803114408461,
      "v": 0.2269803114408461,
      "o": 0.2561565936743122,
      "gate": 0.22654286087654665,
      "up": 0.22654286087654665,
      "down": 0.24986278856927782
    },
    "layer_13": {
      "q": 0.223260667982658,
      "k": 0.223260667982658,
      "v": 0.223260667982658,
      "o": 0.26133846053301596,
      "gate": 0.22795083215460799,
      "up": 0.22795083215460799,
      "down": 0.25198563056133183
    },
    "layer_14": {
      "q": 0.2254710133088702,
      "k": 0.2254710133088702,
      "v": 0.2254710133088702,
      "o": 0.26067019380284756,
      "gate": 0.2273846510728949,
      "up": 0.2273846510728949,
      "down": 0.25102882969229395
    },
    "layer_15": {
      "q": 0.22195666078009474,
      "k": 0.22195666078009474,
      "v": 0.22195666078009474,
      "o": 0.2697389887335626,
      "gate": 0.229508369192888,
      "up": 0.229508369192888,
      "down": 0.24826468043137073
    },
    "layer_16": {
      "q": 0.22500174399015646,
      "k": 0.22500174399015646,
      "v": 0.22500174399015646,
      "o": 0.26653280824589143,
      "gate": 0.22624509487133682,
      "up": 0.22624509487133682,
      "down": 0.2442765800538734
    },
    "layer_17": {
      "q": 0.22087888660637733,
      "k": 0.22087888660637733,
      "v": 0.22087888660637733,
      "o": 0.2557196956150208,
      "gate": 0.22532455268978588,
      "up": 0.22532455268978588,
      "down": 0.24049671146088292
    },
    "layer_18": {
      "q": 0.22223583553169138,
      "k": 0.22223583553169138,
      "v": 0.22223583553169138,
      "o": 0.2410499830728303,
      "gate": 0.22250045191130308,
      "up": 0.22250045191130308,
      "down": 0.23854516916019863
    },
    "layer_19": {
      "q": 0.2212121350860995,
      "k": 0.2212121350860995,
      "v": 0.2212121350860995,
      "o": 0.26205075264391825,
      "gate": 0.22278336304550495,
      "up": 0.22278336304550495,
      "down": 0.2354744043012868
    },
    "layer_20": {
      "q": 0.22268930334215212,
      "k": 0.22268930334215212,
      "v": 0.22268930334215212,
      "o": 0.2702675389601336,
      "gate": 0.22491937147742963,
      "up": 0.22491937147742963,
      "down": 0.23772630165490413
    },
    "layer_21": {
      "q": 0.2249149480629455,
      "k": 0.2249149480629455,
      "v": 0.2249149480629455,
      "o": 0.2506778194877666,
      "gate": 0.22415809088909666,
      "up": 0.22415809088909666,
      "down": 0.2342012677054382
    },
    "layer_22": {
      "q": 0.22123223987949042,
      "k": 0.22123223987949042,
      "v": 0.22123223987949042,
      "o": 0.27216478874173755,
      "gate": 0.22438145836061665,
      "up": 0.22438145836061665,
      "down": 0.23255044193839486
    },
    "layer_23": {
      "q": 0.22355849472742492,
      "k": 0.22355849472742492,
      "v": 0.22355849472742492,
      "o": 0.21854723741089083,
      "gate": 0.2241414963921819,
      "up": 0.2241414963921819,
      "down": 0.23159017223003883
    },
    "layer_24": {
      "q": 0.2236786944865284,
      "k": 0.2236786944865284,
      "v": 0.2236786944865284,
      "o": 0.1870383552953894,
      "gate": 0.2231583913420399,
      "up": 0.2231583913420399,
      "down": 0.2310469716865767
    },
    "layer_25": {
      "q": 0.2240085462752423,
      "k": 0.2240085462752423,
      "v": 0.2240085462752423,
      "o": 0.21063401345332058,
      "gate": 0.22215730018424223,
      "up": 0.22215730018424223,
      "down": 0.23297809482649057
    },
    "layer_26": {
      "q": 0.22205443909410832,
      "k": 0.22205443909410832,
      "v": 0.22205443909410832,
      "o": 0.23830149764383068,
      "gate": 0.22046972380357435,
      "up": 0.22046972380357435,
      "down": 0.2356592447360305
    },
    "layer_27": {
      "q": 0.2263769087086365,
      "k": 0.2263769087086365,
      "v": 0.2263769087086365,
      "o": 0.2161422980661504,
      "gate": 0.22383843209790477,
      "up": 0.22383843209790477,
      "down": 0.2395340013078259
    },
    "layer_28": {
      "q": 0.22817540654362312,