{
  "model": "/gemini/code/checkpoints/models--meta-llama--Llama-3.1-8B/snapshots/d04e592bb4f6aa9cfee91e2e20afa771667e1d4b",
  "quant_type": "NVFP4",
  "sparse_method": "rsparse",
  "sparsity": 0.5,
  "tasks": [
    "arc_challenge",
    "arc_easy",
    "boolq",
    "openbookqa",
    "piqa",
    "rte",
    "winogrande"
  ],
  "metrics": {
    "arc_challenge": {
      "arc_challenge": {
        "acc,none": 0.4641638225255973,
        "acc_stderr,none": 0.01457381366473572,
        "acc_norm,none": 0.49402730375426623,
        "acc_norm_stderr,none": 0.014610348300255795
      }
    },
    "arc_easy": {
      "arc_easy": {
        "acc,none": 0.7807239057239057,
        "acc_stderr,none": 0.008490095498938931,
        "acc_norm,none": 0.7605218855218855,
        "acc_norm_stderr,none": 0.008757032594354019
      }
    },
    "boolq": {
      "boolq": {
        "acc,none": 0.7529051987767584,
        "acc_stderr,none": 0.007543875140517971
      }
    },
    "openbookqa": {
      "openbookqa": {
        "acc,none": 0.316,
        "acc_stderr,none": 0.02081235951585586,
        "acc_norm,none": 0.436,
        "acc_norm_stderr,none": 0.0221989546414768
      }
    },
    "piqa": {
      "piqa": {
        "acc,none": 0.780739934711643,
        "acc_stderr,none": 0.009653357463605334,
        "acc_norm,none": 0.7889009793253536,
        "acc_norm_stderr,none": 0.009521377378734174
      }
    },
    "rte": {
      "rte": {
        "acc,none": 0.6064981949458483,
        "acc_stderr,none": 0.0294058393142032
      }
    },
    "winogrande": {
      "winogrande": {
        "acc,none": 0.6953433307024467,
        "acc_stderr,none": 0.012935646499325307
      }
    }
  },
  "sparse_zero_ratio": {
    "layer_0": {
      "q": 0.9287386458738164,
      "k": 0.9016565376139415,
      "v": 0.5938706336228978,
      "o": 0.5873630328310486,
      "gate": 0.5005510249765934,
      "up": 0.5581408988128886,
      "down": 0.5029236505251655
    },
    "layer_1": {
      "q": 0.49335339500379805,
      "k": 0.49335339500379805,
      "v": 0.49335339500379805,
      "o": 0.5378966284579918,
      "gate": 0.4880081423451632,
      "up": 0.4880081423451632,
      "down": 0.5121493751829626
    },
    "layer_2": {
      "q": 0.49396417715914714,
      "k": 0.49396417715914714,
      "v": 0.49396417715914714,
      "o": 0.49213075559108255,
      "gate": 0.4829762936554904,
      "up": 0.4829762936554904,
      "down": 0.5025272854701254
    },
    "layer_3": {
      "q": 0.5795886913620867,
      "k": 0.4950573281934532,
      "v": 0.4888612309655879,
      "o": 0.6132714788545789,
      "gate": 0.6145590646419234,
      "up": 0.49435863471152486,
      "down": 0.5110501729784533
    },
    "layer_4": {
      "q": 0.4858637706353342,
      "k": 0.4858637706353342,
      "v": 0.4858637706353342,
      "o": 0.5122691083857406,
      "gate": 0.4820396990045577,
      "up": 0.4820396990045577,
      "down": 0.5277628169983546
    },
    "layer_5": {
      "q": 0.48415605733730216,
      "k": 0.48415605733730216,
      "v": 0.48415605733730216,
      "o": 0.48141611637268583,
      "gate": 0.48095275292361506,
      "up": 0.48095275292361506,
      "down": 0.5201681449302976
    },
    "layer_6": {
      "q": 0.7694396537923085,
      "k": 0.5940887592632667,
      "v": 0.8707134385267983,
      "o": 0.5299410888257844,
      "gate": 0.47589280115001414,
      "up": 0.504335927839263,
      "down": 0.5220035749458684
    },
    "layer_7": {
      "q": 0.47644879450563526,
      "k": 0.47644879450563526,
      "v": 0.47644879450563526,
      "o": 0.5127618915391817,
      "gate": 0.4752221569279077,
      "up": 0.4752221569279077,
      "down": 0.5160181064293032
    },
    "layer_8": {
      "q": 0.4725926064447605,
      "k": 0.4725926064447605,
      "v": 0.4725926064447605,
      "o": 0.5250131772452656,
      "gate": 0.47232275031797627,
      "up": 0.47232275031797627,
      "down": 0.5231415955688999
    },
    "layer_9": {
      "q": 0.47820931477220535,
      "k": 0.47820931477220535,
      "v": 0.47820931477220535,
      "o": 0.5296544326773601,
      "gate": 0.4757219592968308,
      "up": 0.4757219592968308,
      "down": 0.5288832700640494
    },
    "layer_10": {
      "q": 0.47881109726098786,
      "k": 0.47881109726098786,
      "v": 0.47881109726098786,
      "o": 0.5302240600930964,
      "gate": 0.47496841767064724,
      "up": 0.47496841767064724,
      "down": 0.5264642999885175
    },
    "layer_11": {
      "q": 0.4724355270014839,
      "k": 0.4724355270014839,
      "v": 0.4724355270014839,
      "o": 0.5204179690260211,
      "gate": 0.4721708090066775,
      "up": 0.4721708090066775,
      "down": 0.5108574038153365
    },
    "layer_12": {
      "q": 0.46909609590296425,
      "k": 0.46909609590296425,
      "v": 0.46909609590296425,
      "o": 0.5154851829136341,
      "gate": 0.4658262524731487,
      "up": 0.4658262524731487,
      "down": 0.5146534460992389
    },
    "layer_13": {
      "q": 0.46783818237925734,
      "k": 0.46783818237925734,
      "v": 0.46783818237925734,
      "o": 0.5228909479446368,
      "gate": 0.46749518205244844,
      "up": 0.46749518205244844,
      "down": 0.5139633567851338
    },
    "layer_14": {
      "q": 0.6869370881765828,
      "k": 0.46659001515907644,
      "v": 0.46659001515907644,
      "o": 0.5338730736490426,
      "gate": 0.4720665779350975,
      "up": 0.4720665779350975,
      "down": 0.5180455453671364
    },
    "layer_15": {
      "q": 0.6223034812879805,
      "k": 0.46810542044631503,
      "v": 0.528043626232158,
      "o": 0.5262332607029925,
      "gate": 0.46701107562093697,
      "up": 0.46701107562093697,
      "down": 0.5763777504315392
    },
    "layer_16": {
      "q": 0.4712652832859313,
      "k": 0.4712652832859313,
      "v": 0.4712652832859313,
      "o": 0.4868433983491733,
      "gate": 0.47029837048208734,
      "up": 0.47029837048208734,
      "down": 0.5208067709069389
    },
    "layer_17": {
      "q": 0.47160278113296705,
      "k": 0.47160278113296705,
      "v": 0.47160278113296705,
      "o": 0.5458054087430222,
      "gate": 0.4713643196412168,
      "up": 0.4713643196412168,
      "down": 0.5268769144031888
    },
    "layer_18": {
      "q": 0.4747776995411426,
      "k": 0.4747776995411426,
      "v": 0.4747776995411426,
      "o": 0.48809311404748446,
      "gate": 0.475505535326279,
      "up": 0.475505535326279,
      "down": 0.5328193630664267
    },
    "layer_19": {
      "q": 0.47844582893539783,
      "k": 0.47844582893539783,
      "v": 0.47844582893539783,
      "o": 0.5324214430270456,
      "gate": 0.4784728182743605,
      "up": 0.4784728182743605,
      "down": 0.5343890214753846
    },
    "layer_20": {
      "q": 0.4806012221660366,
      "k": 0.4806012221660366,
      "v": 0.4806012221660366,
      "o": 0.5090497685287415,
      "gate": 0.48004851070078436,
      "up": 0.48004851070078436,
      "down": 0.5354805913033494
    },
    "layer_21": {
      "q": 0.8638908452648035,
      "k": 0.48063320472592214,
      "v": 0.5365134924613129,
      "o": 0.5734520463097089,
      "gate": 0.4841496288068824,
      "up": 0.4841496288068824,
      "down": 0.5402096675665479
    },
    "layer_22": {
      "q": 0.4898493932505123,
      "k": 0.5192940444040595,
      "v": 0.6626645692746608,
      "o": 0.6033007771096841,
      "gate": 0.49180942843767667,
      "up": 0.49180942843767667,
      "down": 0.5466492344910866
    },
    "layer_23": {
      "q": 0.49478922894069743,
      "k": 0.9900592575806423,
      "v": 0.49478922894069743,
      "o": 0.634514948196368,
      "gate": 0.5788977457912309,
      "up": 0.5193999536836666,
      "down": 0.5398553767955564
    },
    "layer_24": {
      "q": 0.5003839687522081,
      "k": 0.5003839687522081,
      "v": 0.5003839687522081,
      "o": 0.47789386686731555,
      "gate": 0.49884389822330766,
      "up": 0.49884389822330766,
      "down": 0.5476598189522682
    },